case_id,source,source_detail,hzau_batch,individual_id,experiment_id,breed_en,breed_zh,breed_zh_phe,breed_en_phe,breed_source,sex,birth_farm,current_farm,test_farm,birth_parity,litter_size,inbreeding_coef,image_path,label_path,image_size,label_size
07069186,HZAU,HZAU_veterinary_hospital,070xxxx_early,07069186,,Yorkshire,大白,,,slaughter_table:Y@2025.1.11,,,,,,,,/workspace/data/CT/all/07069186.nii.gz,/workspace/data/CT/HZAU_veterinary_hospital/label/07069186.nii.gz,51130126,1408316
07069189,HZAU,HZAU_veterinary_hospital,070xxxx_early,07069189,,Yorkshire,大白,,,slaughter_table:Y@2025.1.10,,,,,,,,/workspace/data/CT/all/07069189.nii.gz,/workspace/data/CT/HZAU_veterinary_hospital/label/07069189.nii.gz,35526876,1208309
07069196,HZAU,HZAU_veterinary_hospital,070xxxx_early,07069196,,Yorkshire,大白,,,slaughter_table:Y@2025.1.11,,,,,,,,/workspace/data/CT/all/07069196.nii.gz,/workspace/data/CT/HZAU_veterinary_hospital/label/07069196.nii.gz,48889534,1331223
133140_114338,TB,TB_sequence_846_train_80,,133140,114338,Yorkshire,大白,美系大白,Yorkshire,dicom_dir,公,广西贵港,广西贵港,广西贵港,3,18,0.0195,/workspace/data/CT/all/133140_114338.nii.gz,/workspace/data/CT/TB/sequence_846/label/carcass_label_data/carcass_9_classes/carcass_9_classes_train/carcass_9_classes_label/133140_114338.nii.gz,55308303,584956
134084_124226,TB,TB_sequence_846_train_80,,134084,124226,Yorkshire,大白,美系大白,Yorkshire,dicom_dir,公,广西贵港,广西贵港,广西贵港,1,11,0.0078,/workspace/data/CT/all/134084_124226.nii.gz,/workspace/data/CT/TB/sequence_846/label/carcass_label_data/carcass_9_classes/carcass_9_classes_train/carcass_9_classes_label/134084_124226.nii.gz,57788805,593526
136021_122090,TB,TB_sequence_846_train_80,,136021,122090,Yorkshire,大白,美系大白,Yorkshire,dicom_dir,公,广西贵港,广西贵港,广西贵港,2,12,0.0137,/workspace/data/CT/all/136021_122090.nii.gz,/workspace/data/CT/TB/sequence_846/label/carcass_label_data/carcass_9_classes/carcass_9_classes_train/carcass_9_classes_label/136021_122090.nii.gz,59895890,615430
136032_122089,TB,TB_sequence_846_train_80,,136032,122089,Yorkshire,大白,美系大白,Yorkshire,dicom_dir,公,广西贵港,广西贵港,广西贵港,2,10,0.0137,/workspace/data/CT/all/136032_122089.nii.gz,/workspace/data/CT/TB/sequence_846/label/carcass_label_data/carcass_9_classes/carcass_9_classes_train/carcass_9_classes_label/136032_122089.nii.gz,60067757,660177
136149_108436,TB,TB_sequence_846_manual_test_24,,136149,108436,Yorkshire,大白,美系大白,Yorkshire,dicom_dir,公,广西贵港,广西贵港,广西贵港,1,16,0.0068,/workspace/data/CT/all/136149_108436.nii.gz,/workspace/data/CT/TB/sequence_846/label/carcass_label_data/carcass_9_classes/carcass_9_classes_test_mannual/label/136149_108436.nii.gz,53560208,520192
136257_108401,TB,TB_sequence_846_train_80,,136257,108401,Yorkshire,大白,美系大白,Yorkshire,dicom_dir,公,广西贵港,广西贵港,广西贵港,4,17,NA,/workspace/data/CT/all/136257_108401.nii.gz,/workspace/data/CT/TB/sequence_846/label/carcass_label_data/carcass_9_classes/carcass_9_classes_train/carcass_9_classes_label/136257_108401.nii.gz,64471758,659317
136393_122961,TB,TB_sequence_846_train_80,,136393,122961,Yorkshire,大白,美系大白,Yorkshire,dicom_dir,公,广西贵港,广西贵港,广西贵港,1,13,0.0156,/workspace/data/CT/all/136393_122961.nii.gz,/workspace/data/CT/TB/sequence_846/label/carcass_label_data/carcass_9_classes/carcass_9_classes_train/carcass_9_classes_label/136393_122961.nii.gz,54122941,546056
136514_122984,TB,TB_sequence_846_train_80,,136514,122984,Yorkshire,大白,美系大白,Yorkshire,dicom_dir,公,广西贵港,明水公猪站,广西贵港,1,15,0.0039,/workspace/data/CT/all/136514_122984.nii.gz,/workspace/data/CT/TB/sequence_846/label/carcass_label_data/carcass_9_classes/carcass_9_classes_train/carcass_9_classes_label/136514_122984.nii.gz,64754215,669560
136518_122095,TB,TB_sequence_846_manual_test_24,,136518,122095,Yorkshire,大白,美系大白,Yorkshire,dicom_dir,公,广西贵港,明水公猪站,广西贵港,1,15,0.0039,/workspace/data/CT/all/136518_122095.nii.gz,/workspace/data/CT/TB/sequence_846/label/carcass_label_data/carcass_9_classes/carcass_9_classes_test_mannual/label/136518_122095.nii.gz,61020262,626146
136817_122967,TB,TB_sequence_846_manual_test_24,,136817,122967,Yorkshire,大白,美系大白,Yorkshire,dicom_dir,公,广西贵港,广西贵港,广西贵港,2,9,NA,/workspace/data/CT/all/136817_122967.nii.gz,/workspace/data/CT/TB/sequence_846/label/carcass_label_data/carcass_9_classes/carcass_9_classes_test_mannual/label/136817_122967.nii.gz,56469471,581076
140176_114065,TB,TB_sequence_846_train_80,,140176,114065,Yorkshire,大白,美系大白,Yorkshire,dicom_dir,公,广西贵港,肥城公猪站,广西贵港,2,16,NA,/workspace/data/CT/all/140176_114065.nii.gz,/workspace/data/CT/TB/sequence_846/label/carcass_label_data/carcass_9_classes/carcass_9_classes_train/carcass_9_classes_label/140176_114065.nii.gz,58862718,597024
140749_122082,TB,TB_sequence_846_train_80,,140749,122082,Yorkshire,大白,美系大白,Yorkshire,dicom_dir,公,广西贵港,广西贵港,广西贵港,3,16,NA,/workspace/data/CT/all/140749_122082.nii.gz,/workspace/data/CT/TB/sequence_846/label/carcass_label_data/carcass_9_classes/carcass_9_classes_train/carcass_9_classes_label/140749_122082.nii.gz,54541908,552941
140765_122094,TB,TB_sequence_846_manual_test_24,,140765,122094,Yorkshire,大白,美系大白,Yorkshire,dicom_dir,公,广西贵港,广西贵港,广西贵港,3,13,0.0117,/workspace/data/CT/all/140765_122094.nii.gz,/workspace/data/CT/TB/sequence_846/label/carcass_label_data/carcass_9_classes/carcass_9_classes_test_mannual/label/140765_122094.nii.gz,59533149,603150
140837_108441,TB,TB_sequence_846_train_80,,140837,108441,Yorkshire,大白,美系大白,Yorkshire,dicom_dir,公,广西贵港,肥城公猪站,广西贵港,1,14,0.0078,/workspace/data/CT/all/140837_108441.nii.gz,/workspace/data/CT/TB/sequence_846/label/carcass_label_data/carcass_9_classes/carcass_9_classes_train/carcass_9_classes_label/140837_108441.nii.gz,58890336,628087
141066_124500,TB,TB_sequence_846_train_80,,141066,124500,Yorkshire,大白,美系大白,Yorkshire,dicom_dir,公,广西贵港,广西贵港,广西贵港,1,14,0.002,/workspace/data/CT/all/141066_124500.nii.gz,/workspace/data/CT/TB/sequence_846/label/carcass_label_data/carcass_9_classes/carcass_9_classes_train/carcass_9_classes_label/141066_124500.nii.gz,56144642,575611
141076_124526,TB,TB_sequence_846_train_80,,141076,124526,Yorkshire,大白,美系大白,Yorkshire,dicom_dir,公,广西贵港,广西贵港,广西贵港,1,12,0.0234,/workspace/data/CT/all/141076_124526.nii.gz,/workspace/data/CT/TB/sequence_846/label/carcass_label_data/carcass_9_classes/carcass_9_classes_train/carcass_9_classes_label/141076_124526.nii.gz,57653749,581210
141242_124376,TB,TB_sequence_846_train_80,,141242,124376,Yorkshire,大白,美系大白,Yorkshire,dicom_dir,公,广西贵港,广西贵港,广西贵港,1,8,0.0166,/workspace/data/CT/all/141242_124376.nii.gz,/workspace/data/CT/TB/sequence_846/label/carcass_label_data/carcass_9_classes/carcass_9_classes_train/carcass_9_classes_label/141242_124376.nii.gz,59255607,602342
141689_122077,TB,TB_sequence_846_manual_test_24,,141689,122077,Yorkshire,大白,美系大白,Yorkshire,dicom_dir,公,广西贵港,广西贵港,广西贵港,2,13,NA,/workspace/data/CT/all/141689_122077.nii.gz,/workspace/data/CT/TB/sequence_846/label/carcass_label_data/carcass_9_classes/carcass_9_classes_test_mannual/label/141689_122077.nii.gz,60694866,613741
146242_114973,TB,TB_sequence_846_manual_test_24,,146242,114973,Yorkshire,大白,美系大白,Yorkshire,dicom_dir,公,广西贵港,广西贵港,广西贵港,3,19,NA,/workspace/data/CT/all/146242_114973.nii.gz,/workspace/data/CT/TB/sequence_846/label/carcass_label_data/carcass_9_classes/carcass_9_classes_test_mannual/label/146242_114973.nii.gz,60466802,620110
146477_111603,TB,TB_sequence_846_train_80,,146477,111603,Yorkshire,大白,美系大白,Yorkshire,dicom_dir,公,广西贵港,广西贵港,广西贵港,3,14,NA,/workspace/data/CT/all/146477_111603.nii.gz,/workspace/data/CT/TB/sequence_846/label/carcass_label_data/carcass_9_classes/carcass_9_classes_train/carcass_9_classes_label/146477_111603.nii.gz,60889013,618793
146478_111610,TB,TB_sequence_846_train_80,,146478,111610,Yorkshire,大白,美系大白,Yorkshire,dicom_dir,公,广西贵港,广西贵港,广西贵港,3,14,NA,/workspace/data/CT/all/146478_111610.nii.gz,/workspace/data/CT/TB/sequence_846/label/carcass_label_data/carcass_9_classes/carcass_9_classes_train/carcass_9_classes_label/146478_111610.nii.gz,56856887,577121
146492_121765,TB,TB_sequence_846_train_80,,146492,121765,Yorkshire,大白,美系大白,Yorkshire,dicom_dir,公,广西贵港,广西贵港,广西贵港,3,18,NA,/workspace/data/CT/all/146492_121765.nii.gz,/workspace/data/CT/TB/sequence_846/label/carcass_label_data/carcass_9_classes/carcass_9_classes_train/carcass_9_classes_label/146492_121765.nii.gz,61166019,606813
148702_115939,TB,TB_sequence_846_train_80,,148702,115939,Yorkshire,大白,美系大白,Yorkshire,dicom_dir,公,广西贵港,广西贵港,广西贵港,4,10,0.0039,/workspace/data/CT/all/148702_115939.nii.gz,/workspace/data/CT/TB/sequence_846/label/carcass_label_data/carcass_9_classes/carcass_9_classes_train/carcass_9_classes_label/148702_115939.nii.gz,56173144,574282
152320_124976,TB,TB_sequence_846_train_80,,152320,124976,Yorkshire,大白,美系大白,Yorkshire,dicom_dir,公,广西贵港,贵港公猪站,广西贵港,2,13,0.0117,/workspace/data/CT/all/152320_124976.nii.gz,/workspace/data/CT/TB/sequence_846/label/carcass_label_data/carcass_9_classes/carcass_9_classes_train/carcass_9_classes_label/152320_124976.nii.gz,61830003,619254
152544_118480,TB,TB_sequence_846_train_80,,152544,118480,Yorkshire,大白,美系大白,Yorkshire,dicom_dir,公,广西贵港,明水公猪站,广西贵港,2,16,0.0156,/workspace/data/CT/all/152544_118480.nii.gz,/workspace/data/CT/TB/sequence_846/label/carcass_label_data/carcass_9_classes/carcass_9_classes_train/carcass_9_classes_label/152544_118480.nii.gz,59910483,615265
152600_118487,TB,TB_sequence_846_train_80,,152600,118487,Yorkshire,大白,,,dicom_dir,,,,,,,,/workspace/data/CT/all/152600_118487.nii.gz,/workspace/data/CT/TB/sequence_846/label/carcass_label_data/carcass_9_classes/carcass_9_classes_train/carcass_9_classes_label/152600_118487.nii.gz,61678280,645519
156052000030695,HZAU,HZAU_veterinary_hospital,156052xxxxxxx_mid,156052000030695,,Yorkshire,大白,,,slaughter_table:Y@2025.1.9,,,,,,,,/workspace/data/CT/all/156052000030695.nii.gz,/workspace/data/CT/HZAU_veterinary_hospital/label/156052000030695.nii.gz,36060724,1214972
156052000030703,HZAU,HZAU_veterinary_hospital,156052xxxxxxx_mid,156052000030703,,Yorkshire,大白,,,slaughter_table:Y@2025.1.10,,,,,,,,/workspace/data/CT/all/156052000030703.nii.gz,/workspace/data/CT/HZAU_veterinary_hospital/label/156052000030703.nii.gz,50005416,1350466
156052000030738,HZAU,HZAU_veterinary_hospital,156052xxxxxxx_mid,156052000030738,,Yorkshire,大白,,,slaughter_table:Y@2025.1.11,,,,,,,,/workspace/data/CT/all/156052000030738.nii.gz,/workspace/data/CT/HZAU_veterinary_hospital/label/156052000030738.nii.gz,53318940,1364376
156052000031131,HZAU,HZAU_veterinary_hospital,156052xxxxxxx_mid,156052000031131,,Yorkshire,大白,,,slaughter_table:Y@2025.1.10,,,,,,,,/workspace/data/CT/all/156052000031131.nii.gz,/workspace/data/CT/HZAU_veterinary_hospital/label/156052000031131.nii.gz,51094934,1321312
156052000031165,HZAU,HZAU_veterinary_hospital,156052xxxxxxx_mid,156052000031165,,Yorkshire,大白,,,slaughter_table:Y@2025.1.9,,,,,,,,/workspace/data/CT/all/156052000031165.nii.gz,/workspace/data/CT/HZAU_veterinary_hospital/label/156052000031165.nii.gz,36702918,1226237
156052000031347,HZAU,HZAU_veterinary_hospital,156052xxxxxxx_mid,156052000031347,,Yorkshire,大白,,,slaughter_table:Y@2025.1.9,,,,,,,,/workspace/data/CT/all/156052000031347.nii.gz,/workspace/data/CT/HZAU_veterinary_hospital/label/156052000031347.nii.gz,45444568,1322669
156052000031437,HZAU,HZAU_veterinary_hospital,156052xxxxxxx_mid,156052000031437,,Yorkshire,大白,,,slaughter_table:Y@2025.1.10,,,,,,,,/workspace/data/CT/all/156052000031437.nii.gz,/workspace/data/CT/HZAU_veterinary_hospital/label/156052000031437.nii.gz,44940899,1365948
156052000036717,HZAU,HZAU_veterinary_hospital,156052xxxxxxx_mid,156052000036717,,Yorkshire,大白,,,slaughter_table:Y@2025.1.11,,,,,,,,/workspace/data/CT/all/156052000036717.nii.gz,/workspace/data/CT/HZAU_veterinary_hospital/label/156052000036717.nii.gz,48554914,1342530
156052000036762,HZAU,HZAU_veterinary_hospital,156052xxxxxxx_mid,156052000036762,,Yorkshire,大白,,,slaughter_table:Y@2025.1.13,,,,,,,,/workspace/data/CT/all/156052000036762.nii.gz,/workspace/data/CT/HZAU_veterinary_hospital/label/156052000036762.nii.gz,37189470,1278182
156052000036764,HZAU,HZAU_veterinary_hospital,156052xxxxxxx_mid,156052000036764,,Yorkshire,大白,,,slaughter_table:Y@2025.1.13,,,,,,,,/workspace/data/CT/all/156052000036764.nii.gz,/workspace/data/CT/HZAU_veterinary_hospital/label/156052000036764.nii.gz,39290317,1324269
156052000036792,HZAU,HZAU_veterinary_hospital,156052xxxxxxx_mid,156052000036792,,Yorkshire,大白,,,slaughter_table:Y@2025.1.10,,,,,,,,/workspace/data/CT/all/156052000036792.nii.gz,/workspace/data/CT/HZAU_veterinary_hospital/label/156052000036792.nii.gz,36998300,1249107
156052000036803,HZAU,HZAU_veterinary_hospital,156052xxxxxxx_mid,156052000036803,,Yorkshire,大白,,,slaughter_table:Y@2025.1.13,,,,,,,,/workspace/data/CT/all/156052000036803.nii.gz,/workspace/data/CT/HZAU_veterinary_hospital/label/156052000036803.nii.gz,58605361,1443820
156052000037090,HZAU,HZAU_veterinary_hospital,156052xxxxxxx_mid,156052000037090,,Yorkshire,大白,,,slaughter_table:Y@2025.1.9,,,,,,,,/workspace/data/CT/all/156052000037090.nii.gz,/workspace/data/CT/HZAU_veterinary_hospital/label/156052000037090.nii.gz,39876396,1307746
156052000037105,HZAU,HZAU_veterinary_hospital,156052xxxxxxx_mid,156052000037105,,Yorkshire,大白,,,slaughter_table:Y@2025.1.10,,,,,,,,/workspace/data/CT/all/156052000037105.nii.gz,/workspace/data/CT/HZAU_veterinary_hospital/label/156052000037105.nii.gz,46415106,1390417
156052000037111,HZAU,HZAU_veterinary_hospital,156052xxxxxxx_mid,156052000037111,,Yorkshire,大白,,,slaughter_table:Y@2025.1.10,,,,,,,,/workspace/data/CT/all/156052000037111.nii.gz,/workspace/data/CT/HZAU_veterinary_hospital/label/156052000037111.nii.gz,53489925,1320933
156052000037112,HZAU,HZAU_veterinary_hospital,156052xxxxxxx_mid,156052000037112,,Yorkshire,大白,,,slaughter_table:Y@2025.1.10,,,,,,,,/workspace/data/CT/all/156052000037112.nii.gz,/workspace/data/CT/HZAU_veterinary_hospital/label/156052000037112.nii.gz,45371693,1322533
156052000037113,HZAU,HZAU_veterinary_hospital,156052xxxxxxx_mid,156052000037113,,Yorkshire,大白,,,slaughter_table:Y@2025.1.11,,,,,,,,/workspace/data/CT/all/156052000037113.nii.gz,/workspace/data/CT/HZAU_veterinary_hospital/label/156052000037113.nii.gz,39904432,1279255
156052000037117,HZAU,HZAU_veterinary_hospital,156052xxxxxxx_mid,156052000037117,,Yorkshire,大白,,,slaughter_table:Y@2025.1.9,,,,,,,,/workspace/data/CT/all/156052000037117.nii.gz,/workspace/data/CT/HZAU_veterinary_hospital/label/156052000037117.nii.gz,35119475,1192374
156052000037118,HZAU,HZAU_veterinary_hospital,156052xxxxxxx_mid,156052000037118,,Yorkshire,大白,,,slaughter_table:Y@2025.1.9,,,,,,,,/workspace/data/CT/all/156052000037118.nii.gz,/workspace/data/CT/HZAU_veterinary_hospital/label/156052000037118.nii.gz,43758007,1395289
156052000037119,HZAU,HZAU_veterinary_hospital,156052xxxxxxx_mid,156052000037119,,Yorkshire,大白,,,slaughter_table:Y@2025.1.10,,,,,,,,/workspace/data/CT/all/156052000037119.nii.gz,/workspace/data/CT/HZAU_veterinary_hospital/label/156052000037119.nii.gz,46958490,1337592
156052000037120,HZAU,HZAU_veterinary_hospital,156052xxxxxxx_mid,156052000037120,,Yorkshire,大白,,,slaughter_table:Y@2025.1.10,,,,,,,,/workspace/data/CT/all/156052000037120.nii.gz,/workspace/data/CT/HZAU_veterinary_hospital/label/156052000037120.nii.gz,42663407,1289541
156052000037121,HZAU,HZAU_veterinary_hospital,156052xxxxxxx_mid,156052000037121,,Yorkshire,大白,,,slaughter_table:Y@2025.1.11,,,,,,,,/workspace/data/CT/all/156052000037121.nii.gz,/workspace/data/CT/HZAU_veterinary_hospital/label/156052000037121.nii.gz,38328317,1284819
156052000037122,HZAU,HZAU_veterinary_hospital,156052xxxxxxx_mid,156052000037122,,Yorkshire,大白,,,slaughter_table:Y@2025.1.10,,,,,,,,/workspace/data/CT/all/156052000037122.nii.gz,/workspace/data/CT/HZAU_veterinary_hospital/label/156052000037122.nii.gz,41119526,1262668
156052000037124,HZAU,HZAU_veterinary_hospital,156052xxxxxxx_mid,156052000037124,,Yorkshire,大白,,,slaughter_table:Y@2025.1.10,,,,,,,,/workspace/data/CT/all/156052000037124.nii.gz,/workspace/data/CT/HZAU_veterinary_hospital/label/156052000037124.nii.gz,46111080,1324234
156052000037130,HZAU,HZAU_veterinary_hospital,156052xxxxxxx_mid,156052000037130,,Yorkshire,大白,,,slaughter_table:Y@2025.1.11,,,,,,,,/workspace/data/CT/all/156052000037130.nii.gz,/workspace/data/CT/HZAU_veterinary_hospital/label/156052000037130.nii.gz,53206564,1364215
156052000037131,HZAU,HZAU_veterinary_hospital,156052xxxxxxx_mid,156052000037131,,Yorkshire,大白,,,slaughter_table:Y@2025.1.9,,,,,,,,/workspace/data/CT/all/156052000037131.nii.gz,/workspace/data/CT/HZAU_veterinary_hospital/label/156052000037131.nii.gz,37543260,1262913
156052000037132,HZAU,HZAU_veterinary_hospital,156052xxxxxxx_mid,156052000037132,,Yorkshire,大白,,,slaughter_table:Y@2025.1.10,,,,,,,,/workspace/data/CT/all/156052000037132.nii.gz,/workspace/data/CT/HZAU_veterinary_hospital/label/156052000037132.nii.gz,36410166,1246237
156052000037133,HZAU,HZAU_veterinary_hospital,156052xxxxxxx_mid,156052000037133,,Yorkshire,大白,,,slaughter_table:Y@2025.1.9,,,,,,,,/workspace/data/CT/all/156052000037133.nii.gz,/workspace/data/CT/HZAU_veterinary_hospital/label/156052000037133.nii.gz,51139480,1406948
156052000037134,HZAU,HZAU_veterinary_hospital,156052xxxxxxx_mid,156052000037134,,Yorkshire,大白,,,slaughter_table:Y@2025.1.13,,,,,,,,/workspace/data/CT/all/156052000037134.nii.gz,/workspace/data/CT/HZAU_veterinary_hospital/label/156052000037134.nii.gz,43657502,1328013
156052000037137,HZAU,HZAU_veterinary_hospital,156052xxxxxxx_mid,156052000037137,,Yorkshire,大白,,,slaughter_table:Y@2025.1.13,,,,,,,,/workspace/data/CT/all/156052000037137.nii.gz,/workspace/data/CT/HZAU_veterinary_hospital/label/156052000037137.nii.gz,51463561,1395332
156052000037138,HZAU,HZAU_veterinary_hospital,156052xxxxxxx_mid,156052000037138,,Yorkshire,大白,,,slaughter_table:Y@2025.1.10,,,,,,,,/workspace/data/CT/all/156052000037138.nii.gz,/workspace/data/CT/HZAU_veterinary_hospital/label/156052000037138.nii.gz,37922626,1278983
156052000037140,HZAU,HZAU_veterinary_hospital,156052xxxxxxx_mid,156052000037140,,Yorkshire,大白,,,slaughter_table:Y@2025.1.13,,,,,,,,/workspace/data/CT/all/156052000037140.nii.gz,/workspace/data/CT/HZAU_veterinary_hospital/label/156052000037140.nii.gz,40066296,1360136
156052000037142,HZAU,HZAU_veterinary_hospital,156052xxxxxxx_mid,156052000037142,,Yorkshire,大白,,,slaughter_table:Y@2025.1.10,,,,,,,,/workspace/data/CT/all/156052000037142.nii.gz,/workspace/data/CT/HZAU_veterinary_hospital/label/156052000037142.nii.gz,45841650,1337989
156052000037143,HZAU,HZAU_veterinary_hospital,156052xxxxxxx_mid,156052000037143,,Yorkshire,大白,,,slaughter_table:Y@2025.1.11,,,,,,,,/workspace/data/CT/all/156052000037143.nii.gz,/workspace/data/CT/HZAU_veterinary_hospital/label/156052000037143.nii.gz,51700873,1368949
156052000037146,HZAU,HZAU_veterinary_hospital,156052xxxxxxx_mid,156052000037146,,Yorkshire,大白,,,slaughter_table:Y@2025.1.9,,,,,,,,/workspace/data/CT/all/156052000037146.nii.gz,/workspace/data/CT/HZAU_veterinary_hospital/label/156052000037146.nii.gz,39140506,1324688
156052000037148,HZAU,HZAU_veterinary_hospital,156052xxxxxxx_mid,156052000037148,,Yorkshire,大白,,,slaughter_table:Y@2025.1.13,,,,,,,,/workspace/data/CT/all/156052000037148.nii.gz,/workspace/data/CT/HZAU_veterinary_hospital/label/156052000037148.nii.gz,52506693,1459450
156052000037151,HZAU,HZAU_veterinary_hospital,156052xxxxxxx_mid,156052000037151,,Yorkshire,大白,,,slaughter_table:Y@2025.1.11,,,,,,,,/workspace/data/CT/all/156052000037151.nii.gz,/workspace/data/CT/HZAU_veterinary_hospital/label/156052000037151.nii.gz,35195273,1169033
156052000037152,HZAU,HZAU_veterinary_hospital,156052xxxxxxx_mid,156052000037152,,Yorkshire,大白,,,slaughter_table:Y@2025.1.9,,,,,,,,/workspace/data/CT/all/156052000037152.nii.gz,/workspace/data/CT/HZAU_veterinary_hospital/label/156052000037152.nii.gz,34827451,1271468
156052000037153,HZAU,HZAU_veterinary_hospital,156052xxxxxxx_mid,156052000037153,,Yorkshire,大白,,,slaughter_table:Y@2025.1.9,,,,,,,,/workspace/data/CT/all/156052000037153.nii.gz,/workspace/data/CT/HZAU_veterinary_hospital/label/156052000037153.nii.gz,54549955,1371239
156052000037158,HZAU,HZAU_veterinary_hospital,156052xxxxxxx_mid,156052000037158,,Yorkshire,大白,,,slaughter_table:Y@2025.1.9,,,,,,,,/workspace/data/CT/all/156052000037158.nii.gz,/workspace/data/CT/HZAU_veterinary_hospital/label/156052000037158.nii.gz,42412322,1353606
156052000037162,HZAU,HZAU_veterinary_hospital,156052xxxxxxx_mid,156052000037162,,Yorkshire,大白,,,slaughter_table:Y@2025.1.13,,,,,,,,/workspace/data/CT/all/156052000037162.nii.gz,/workspace/data/CT/HZAU_veterinary_hospital/label/156052000037162.nii.gz,37251924,1251354
156052000037164,HZAU,HZAU_veterinary_hospital,156052xxxxxxx_mid,156052000037164,,Yorkshire,大白,,,slaughter_table:Y@2025.1.11,,,,,,,,/workspace/data/CT/all/156052000037164.nii.gz,/workspace/data/CT/HZAU_veterinary_hospital/label/156052000037164.nii.gz,37983156,1292970
156052000037165,HZAU,HZAU_veterinary_hospital,156052xxxxxxx_mid,156052000037165,,Yorkshire,大白,,,slaughter_table:Y@2025.1.11,,,,,,,,/workspace/data/CT/all/156052000037165.nii.gz,/workspace/data/CT/HZAU_veterinary_hospital/label/156052000037165.nii.gz,35122966,1221398
156052000037168,HZAU,HZAU_veterinary_hospital,156052xxxxxxx_mid,156052000037168,,Yorkshire,大白,,,slaughter_table:Y@2025.1.11,,,,,,,,/workspace/data/CT/all/156052000037168.nii.gz,/workspace/data/CT/HZAU_veterinary_hospital/label/156052000037168.nii.gz,53050504,1439825
156052000037172,HZAU,HZAU_veterinary_hospital,156052xxxxxxx_mid,156052000037172,,Yorkshire,大白,,,slaughter_table:Y@2025.1.9,,,,,,,,/workspace/data/CT/all/156052000037172.nii.gz,/workspace/data/CT/HZAU_veterinary_hospital/label/156052000037172.nii.gz,58828188,1410067
156052000037173,HZAU,HZAU_veterinary_hospital,156052xxxxxxx_mid,156052000037173,,Yorkshire,大白,,,slaughter_table:Y@2025.1.13,,,,,,,,/workspace/data/CT/all/156052000037173.nii.gz,/workspace/data/CT/HZAU_veterinary_hospital/label/156052000037173.nii.gz,38154084,1319574
156052000037175,HZAU,HZAU_veterinary_hospital,156052xxxxxxx_mid,156052000037175,,Yorkshire,大白,,,slaughter_table:Y@2025.1.11,,,,,,,,/workspace/data/CT/all/156052000037175.nii.gz,/workspace/data/CT/HZAU_veterinary_hospital/label/156052000037175.nii.gz,51029584,1363236
156052000037176,HZAU,HZAU_veterinary_hospital,156052xxxxxxx_mid,156052000037176,,Yorkshire,大白,,,slaughter_table:Y@2025.1.9,,,,,,,,/workspace/data/CT/all/156052000037176.nii.gz,/workspace/data/CT/HZAU_veterinary_hospital/label/156052000037176.nii.gz,37408953,1258069
156052000037177,HZAU,HZAU_veterinary_hospital,156052xxxxxxx_mid,156052000037177,,Yorkshire,大白,,,slaughter_table:Y@2025.1.13,,,,,,,,/workspace/data/CT/all/156052000037177.nii.gz,/workspace/data/CT/HZAU_veterinary_hospital/label/156052000037177.nii.gz,36403636,1243029
156052000037179,HZAU,HZAU_veterinary_hospital,156052xxxxxxx_mid,156052000037179,,Yorkshire,大白,,,slaughter_table:Y@2025.1.9,,,,,,,,/workspace/data/CT/all/156052000037179.nii.gz,/workspace/data/CT/HZAU_veterinary_hospital/label/156052000037179.nii.gz,36990070,1245789
156052000037180,HZAU,HZAU_veterinary_hospital,156052xxxxxxx_mid,156052000037180,,Yorkshire,大白,,,slaughter_table:Y@2025.1.13,,,,,,,,/workspace/data/CT/all/156052000037180.nii.gz,/workspace/data/CT/HZAU_veterinary_hospital/label/156052000037180.nii.gz,41780872,1362118
156052000037184,HZAU,HZAU_veterinary_hospital,156052xxxxxxx_mid,156052000037184,,Yorkshire,大白,,,slaughter_table:Y@2025.1.13,,,,,,,,/workspace/data/CT/all/156052000037184.nii.gz,/workspace/data/CT/HZAU_veterinary_hospital/label/156052000037184.nii.gz,37923781,1289826
156052000037186,HZAU,HZAU_veterinary_hospital,156052xxxxxxx_mid,156052000037186,,Yorkshire,大白,,,slaughter_table:Y@2025.1.11,,,,,,,,/workspace/data/CT/all/156052000037186.nii.gz,/workspace/data/CT/HZAU_veterinary_hospital/label/156052000037186.nii.gz,56947773,1424958
156052000037187,HZAU,HZAU_veterinary_hospital,156052xxxxxxx_mid,156052000037187,,Yorkshire,大白,,,slaughter_table:Y@2025.1.11,,,,,,,,/workspace/data/CT/all/156052000037187.nii.gz,/workspace/data/CT/HZAU_veterinary_hospital/label/156052000037187.nii.gz,37160743,1270041
156052000037189,HZAU,HZAU_veterinary_hospital,156052xxxxxxx_mid,156052000037189,,Yorkshire,大白,,,slaughter_table:Y@2025.1.13,,,,,,,,/workspace/data/CT/all/156052000037189.nii.gz,/workspace/data/CT/HZAU_veterinary_hospital/label/156052000037189.nii.gz,45663451,1395144
156052000037191,HZAU,HZAU_veterinary_hospital,156052xxxxxxx_mid,156052000037191,,Yorkshire,大白,,,slaughter_table:Y@2025.1.10,,,,,,,,/workspace/data/CT/all/156052000037191.nii.gz,/workspace/data/CT/HZAU_veterinary_hospital/label/156052000037191.nii.gz,44887530,1420460
156052000037192,HZAU,HZAU_veterinary_hospital,156052xxxxxxx_mid,156052000037192,,Yorkshire,大白,,,slaughter_table:Y@2025.1.9,,,,,,,,/workspace/data/CT/all/156052000037192.nii.gz,/workspace/data/CT/HZAU_veterinary_hospital/label/156052000037192.nii.gz,47191036,1337577
156052000037194,HZAU,HZAU_veterinary_hospital,156052xxxxxxx_mid,156052000037194,,Yorkshire,大白,,,slaughter_table:Y@2025.1.11,,,,,,,,/workspace/data/CT/all/156052000037194.nii.gz,/workspace/data/CT/HZAU_veterinary_hospital/label/156052000037194.nii.gz,53196024,1368981
156052000037195,HZAU,HZAU_veterinary_hospital,156052xxxxxxx_mid,156052000037195,,Yorkshire,大白,,,slaughter_table:Y@2025.1.10,,,,,,,,/workspace/data/CT/all/156052000037195.nii.gz,/workspace/data/CT/HZAU_veterinary_hospital/label/156052000037195.nii.gz,44218998,1331844
156052000037196,HZAU,HZAU_veterinary_hospital,156052xxxxxxx_mid,156052000037196,,Yorkshire,大白,,,slaughter_table:Y@2025.1.10,,,,,,,,/workspace/data/CT/all/156052000037196.nii.gz,/workspace/data/CT/HZAU_veterinary_hospital/label/156052000037196.nii.gz,51037667,1368072
156052000037197,HZAU,HZAU_veterinary_hospital,156052xxxxxxx_mid,156052000037197,,Yorkshire,大白,,,slaughter_table:Y@2025.1.11,,,,,,,,/workspace/data/CT/all/156052000037197.nii.gz,/workspace/data/CT/HZAU_veterinary_hospital/label/156052000037197.nii.gz,47991079,1482534
156052000037201,HZAU,HZAU_veterinary_hospital,156052xxxxxxx_mid,156052000037201,,Yorkshire,大白,,,slaughter_table:Y@2025.1.13,,,,,,,,/workspace/data/CT/all/156052000037201.nii.gz,/workspace/data/CT/HZAU_veterinary_hospital/label/156052000037201.nii.gz,48913839,1389606
156052000037204,HZAU,HZAU_veterinary_hospital,156052xxxxxxx_mid,156052000037204,,Yorkshire,大白,,,slaughter_table:Y@2025.1.10,,,,,,,,/workspace/data/CT/all/156052000037204.nii.gz,/workspace/data/CT/HZAU_veterinary_hospital/label/156052000037204.nii.gz,53693265,1412614
156052000037356,HZAU,HZAU_veterinary_hospital,156052xxxxxxx_mid,156052000037356,,Yorkshire,大白,,,slaughter_table:Y@2025.1.10,,,,,,,,/workspace/data/CT/all/156052000037356.nii.gz,/workspace/data/CT/HZAU_veterinary_hospital/label/156052000037356.nii.gz,43478893,1325013
156052000037362,HZAU,HZAU_veterinary_hospital,156052xxxxxxx_mid,156052000037362,,Yorkshire,大白,,,slaughter_table:Y@2025.1.11,,,,,,,,/workspace/data/CT/all/156052000037362.nii.gz,/workspace/data/CT/HZAU_veterinary_hospital/label/156052000037362.nii.gz,47934411,1386792
156052000037395,HZAU,HZAU_veterinary_hospital,156052xxxxxxx_mid,156052000037395,,Yorkshire,大白,,,slaughter_table:Y@2025.1.10,,,,,,,,/workspace/data/CT/all/156052000037395.nii.gz,/workspace/data/CT/HZAU_veterinary_hospital/label/156052000037395.nii.gz,46220962,1416969
156052000037404,HZAU,HZAU_veterinary_hospital,156052xxxxxxx_mid,156052000037404,,Yorkshire,大白,,,slaughter_table:Y@2025.1.11,,,,,,,,/workspace/data/CT/all/156052000037404.nii.gz,/workspace/data/CT/HZAU_veterinary_hospital/label/156052000037404.nii.gz,52694140,1473923
156052000037556,HZAU,HZAU_veterinary_hospital,156052xxxxxxx_mid,156052000037556,,Yorkshire,大白,,,slaughter_table:Y@2025.1.9,,,,,,,,/workspace/data/CT/all/156052000037556.nii.gz,/workspace/data/CT/HZAU_veterinary_hospital/label/156052000037556.nii.gz,42143308,1260303
156052000037564,HZAU,HZAU_veterinary_hospital,156052xxxxxxx_mid,156052000037564,,Yorkshire,大白,,,slaughter_table:Y@2025.1.10,,,,,,,,/workspace/data/CT/all/156052000037564.nii.gz,/workspace/data/CT/HZAU_veterinary_hospital/label/156052000037564.nii.gz,38943207,1196643
156052000037620,HZAU,HZAU_veterinary_hospital,156052xxxxxxx_mid,156052000037620,,Yorkshire,大白,,,slaughter_table:Y@2025.1.11,,,,,,,,/workspace/data/CT/all/156052000037620.nii.gz,/workspace/data/CT/HZAU_veterinary_hospital/label/156052000037620.nii.gz,58199035,1406822
156052000037621,HZAU,HZAU_veterinary_hospital,156052xxxxxxx_mid,156052000037621,,Yorkshire,大白,,,slaughter_table:Y@2025.1.13,,,,,,,,/workspace/data/CT/all/156052000037621.nii.gz,/workspace/data/CT/HZAU_veterinary_hospital/label/156052000037621.nii.gz,35992886,1219446
156052000037626,HZAU,HZAU_veterinary_hospital,156052xxxxxxx_mid,156052000037626,,Yorkshire,大白,,,slaughter_table:Y@2025.1.9,,,,,,,,/workspace/data/CT/all/156052000037626.nii.gz,/workspace/data/CT/HZAU_veterinary_hospital/label/156052000037626.nii.gz,37133549,1244982
156052000037636,HZAU,HZAU_veterinary_hospital,156052xxxxxxx_mid,156052000037636,,Yorkshire,大白,,,slaughter_table:Y@2025.1.11,,,,,,,,/workspace/data/CT/all/156052000037636.nii.gz,/workspace/data/CT/HZAU_veterinary_hospital/label/156052000037636.nii.gz,47919813,1378377
156052000037645,HZAU,HZAU_veterinary_hospital,156052xxxxxxx_mid,156052000037645,,Yorkshire,大白,,,slaughter_table:Y@2025.1.10,,,,,,,,/workspace/data/CT/all/156052000037645.nii.gz,/workspace/data/CT/HZAU_veterinary_hospital/label/156052000037645.nii.gz,43972252,1290289
156052000037646,HZAU,HZAU_veterinary_hospital,156052xxxxxxx_mid,156052000037646,,Yorkshire,大白,,,slaughter_table:Y@2025.1.13,,,,,,,,/workspace/data/CT/all/156052000037646.nii.gz,/workspace/data/CT/HZAU_veterinary_hospital/label/156052000037646.nii.gz,43574353,1359324
156052000037654,HZAU,HZAU_veterinary_hospital,156052xxxxxxx_mid,156052000037654,,Yorkshire,大白,,,slaughter_table:Y@2025.1.9,,,,,,,,/workspace/data/CT/all/156052000037654.nii.gz,/workspace/data/CT/HZAU_veterinary_hospital/label/156052000037654.nii.gz,45416972,1319243
156052000037670,HZAU,HZAU_veterinary_hospital,156052xxxxxxx_mid,156052000037670,,Yorkshire,大白,,,slaughter_table:Y@2025.1.9,,,,,,,,/workspace/data/CT/all/156052000037670.nii.gz,/workspace/data/CT/HZAU_veterinary_hospital/label/156052000037670.nii.gz,40889935,1354366
156052000037689,HZAU,HZAU_veterinary_hospital,156052xxxxxxx_mid,156052000037689,,Yorkshire,大白,,,slaughter_table:Y@2025.1.11,,,,,,,,/workspace/data/CT/all/156052000037689.nii.gz,/workspace/data/CT/HZAU_veterinary_hospital/label/156052000037689.nii.gz,55383834,1421796
156052000037691,HZAU,HZAU_veterinary_hospital,156052xxxxxxx_mid,156052000037691,,Yorkshire,大白,,,slaughter_table:Y@2025.1.9,,,,,,,,/workspace/data/CT/all/156052000037691.nii.gz,/workspace/data/CT/HZAU_veterinary_hospital/label/156052000037691.nii.gz,39601643,1321941
156052000037704,HZAU,HZAU_veterinary_hospital,156052xxxxxxx_mid,156052000037704,,Yorkshire,大白,,,slaughter_table:Y@2025.1.13,,,,,,,,/workspace/data/CT/all/156052000037704.nii.gz,/workspace/data/CT/HZAU_veterinary_hospital/label/156052000037704.nii.gz,44003127,1330075
156202411000033,HZAU,HZAU_veterinary_hospital,156202411xxxxxx_late,156202411000033,,Yorkshire,大白,,,slaughter_table:Y@2025.1.9,,,,,,,,/workspace/data/CT/all/156202411000033.nii.gz,/workspace/data/CT/HZAU_veterinary_hospital/label/156202411000033.nii.gz,34971984,1164578
156202411000054,HZAU,HZAU_veterinary_hospital,156202411xxxxxx_late,156202411000054,,Yorkshire,大白,,,slaughter_table:Y@2025.1.9,,,,,,,,/workspace/data/CT/all/156202411000054.nii.gz,/workspace/data/CT/HZAU_veterinary_hospital/label/156202411000054.nii.gz,43650855,1275142
156202411000076,HZAU,HZAU_veterinary_hospital,156202411xxxxxx_late,156202411000076,,Yorkshire,大白,,,slaughter_table:Y@2025.1.13,,,,,,,,/workspace/data/CT/all/156202411000076.nii.gz,/workspace/data/CT/HZAU_veterinary_hospital/label/156202411000076.nii.gz,39434144,1371694
156202411000510,HZAU,HZAU_veterinary_hospital,156202411xxxxxx_late,156202411000510,,Yorkshire,大白,,,slaughter_table:Y@2025.1.13,,,,,,,,/workspace/data/CT/all/156202411000510.nii.gz,/workspace/data/CT/HZAU_veterinary_hospital/label/156202411000510.nii.gz,40090294,1347500
156202411000519,HZAU,HZAU_veterinary_hospital,156202411xxxxxx_late,156202411000519,,Yorkshire,大白,,,inferred_from_hzau_cohort,,,,,,,,/workspace/data/CT/all/156202411000519.nii.gz,/workspace/data/CT/HZAU_veterinary_hospital/label/156202411000519.nii.gz,36834343,1248417
156202411000558,HZAU,HZAU_veterinary_hospital,156202411xxxxxx_late,156202411000558,,Yorkshire,大白,,,slaughter_table:Y@2025.1.13,,,,,,,,/workspace/data/CT/all/156202411000558.nii.gz,/workspace/data/CT/HZAU_veterinary_hospital/label/156202411000558.nii.gz,57925201,1476815
156202411000562,HZAU,HZAU_veterinary_hospital,156202411xxxxxx_late,156202411000562,,Yorkshire,大白,,,slaughter_table:Y@2025.1.13,,,,,,,,/workspace/data/CT/all/156202411000562.nii.gz,/workspace/data/CT/HZAU_veterinary_hospital/label/156202411000562.nii.gz,38827390,1336974
156202411000574,HZAU,HZAU_veterinary_hospital,156202411xxxxxx_late,156202411000574,,Yorkshire,大白,,,slaughter_table:Y@2025.1.13,,,,,,,,/workspace/data/CT/all/156202411000574.nii.gz,/workspace/data/CT/HZAU_veterinary_hospital/label/156202411000574.nii.gz,51852489,1363164
156202411000579,HZAU,HZAU_veterinary_hospital,156202411xxxxxx_late,156202411000579,,Yorkshire,大白,,,slaughter_table:Y@2025.1.13,,,,,,,,/workspace/data/CT/all/156202411000579.nii.gz,/workspace/data/CT/HZAU_veterinary_hospital/label/156202411000579.nii.gz,48042326,1385208
156202411000593,HZAU,HZAU_veterinary_hospital,156202411xxxxxx_late,156202411000593,,Yorkshire,大白,,,slaughter_table:Y@2025.1.13,,,,,,,,/workspace/data/CT/all/156202411000593.nii.gz,/workspace/data/CT/HZAU_veterinary_hospital/label/156202411000593.nii.gz,38778138,1322275
205870_202923,TB,TB_sequence_846_train_80,,205870,202923,Duroc,杜洛克,美系杜洛克,Duroc,dicom_dir,公,广西贵港,广西贵港,广西贵港,3,10,0.0234,/workspace/data/CT/all/205870_202923.nii.gz,/workspace/data/CT/TB/sequence_846/label/carcass_label_data/carcass_9_classes/carcass_9_classes_train/carcass_9_classes_label/205870_202923.nii.gz,62343720,657969
205912_202250,TB,TB_sequence_846_train_80,,205912,202250,Duroc,杜洛克,美系杜洛克,Duroc,dicom_dir,公,广西贵港,贵港公猪站,广西贵港,3,11,0.0176,/workspace/data/CT/all/205912_202250.nii.gz,/workspace/data/CT/TB/sequence_846/label/carcass_label_data/carcass_9_classes/carcass_9_classes_train/carcass_9_classes_label/205912_202250.nii.gz,54184483,568980
206111_202873,TB,TB_sequence_846_train_80,,206111,202873,Duroc,杜洛克,美系杜洛克,Duroc,dicom_dir,公,广西贵港,广西贵港,广西贵港,3,14,0.0664,/workspace/data/CT/all/206111_202873.nii.gz,/workspace/data/CT/TB/sequence_846/label/carcass_label_data/carcass_9_classes/carcass_9_classes_train/carcass_9_classes_label/206111_202873.nii.gz,49389083,506670
206178_202851,TB,TB_sequence_846_train_80,,206178,202851,Duroc,杜洛克,美系杜洛克,Duroc,dicom_dir,公,广西贵港,广西贵港,广西贵港,2,14,0.0313,/workspace/data/CT/all/206178_202851.nii.gz,/workspace/data/CT/TB/sequence_846/label/carcass_label_data/carcass_9_classes/carcass_9_classes_train/carcass_9_classes_label/206178_202851.nii.gz,56572882,576798
206192_202858,TB,TB_sequence_846_manual_test_24,,206192,202858,Duroc,杜洛克,美系杜洛克,Duroc,dicom_dir,公,广西贵港,广西贵港,广西贵港,3,12,NA,/workspace/data/CT/all/206192_202858.nii.gz,/workspace/data/CT/TB/sequence_846/label/carcass_label_data/carcass_9_classes/carcass_9_classes_test_mannual/label/206192_202858.nii.gz,59419070,645060
206585_202827,TB,TB_sequence_846_train_80,,206585,202827,Duroc,杜洛克,美系杜洛克,Duroc,dicom_dir,公,广西贵港,贵港公猪站,广西贵港,2,10,0.0039,/workspace/data/CT/all/206585_202827.nii.gz,/workspace/data/CT/TB/sequence_846/label/carcass_label_data/carcass_9_classes/carcass_9_classes_train/carcass_9_classes_label/206585_202827.nii.gz,60966339,644052
206595_201638,TB,TB_sequence_846_train_80,,206595,201638,Duroc,杜洛克,美系杜洛克,Duroc,dicom_dir,公,广西贵港,贵港公猪站,广西贵港,3,13,0.0059,/workspace/data/CT/all/206595_201638.nii.gz,/workspace/data/CT/TB/sequence_846/label/carcass_label_data/carcass_9_classes/carcass_9_classes_train/carcass_9_classes_label/206595_201638.nii.gz,60325953,639462
207541_202151,TB,TB_sequence_846_manual_test_24,,207541,202151,Duroc,杜洛克,美系杜洛克,Duroc,dicom_dir,公,广西贵港,广西贵港,广西贵港,1,16,0.0332,/workspace/data/CT/all/207541_202151.nii.gz,/workspace/data/CT/TB/sequence_846/label/carcass_label_data/carcass_9_classes/carcass_9_classes_test_mannual/label/207541_202151.nii.gz,59411086,617331
207633_204331,TB,TB_sequence_846_train_80,,207633,204331,Duroc,杜洛克,美系杜洛克,Duroc,dicom_dir,公,广西贵港,广西贵港,广西贵港,3,11,NA,/workspace/data/CT/all/207633_204331.nii.gz,/workspace/data/CT/TB/sequence_846/label/carcass_label_data/carcass_9_classes/carcass_9_classes_train/carcass_9_classes_label/207633_204331.nii.gz,58689743,603864
207807_204777,TB,TB_sequence_846_train_80,,207807,204777,Duroc,杜洛克,美系杜洛克,Duroc,dicom_dir,公,广西贵港,广西贵港,广西贵港,4,15,NA,/workspace/data/CT/all/207807_204777.nii.gz,/workspace/data/CT/TB/sequence_846/label/carcass_label_data/carcass_9_classes/carcass_9_classes_train/carcass_9_classes_label/207807_204777.nii.gz,57423660,573843
207931_204822,TB,TB_sequence_846_train_80,,207931,204822,Duroc,杜洛克,美系杜洛克,Duroc,dicom_dir,公,广西贵港,广西贵港,广西贵港,4,7,0.0332,/workspace/data/CT/all/207931_204822.nii.gz,/workspace/data/CT/TB/sequence_846/label/carcass_label_data/carcass_9_classes/carcass_9_classes_train/carcass_9_classes_label/207931_204822.nii.gz,51311216,523600
208887_206889,TB,TB_sequence_846_train_80,,208887,206889,Duroc,杜洛克,,,dicom_dir,,,,,,,,/workspace/data/CT/all/208887_206889.nii.gz,/workspace/data/CT/TB/sequence_846/label/carcass_label_data/carcass_9_classes/carcass_9_classes_train/carcass_9_classes_label/208887_206889.nii.gz,57354429,585959
209002_204734,TB,TB_sequence_846_manual_test_24,,209002,204734,Duroc,杜洛克,美系杜洛克,Duroc,dicom_dir,公,广西贵港,广西贵港,广西贵港,4,9,0.0078,/workspace/data/CT/all/209002_204734.nii.gz,/workspace/data/CT/TB/sequence_846/label/carcass_label_data/carcass_9_classes/carcass_9_classes_test_mannual/label/209002_204734.nii.gz,55384515,571840
305810_305052,TB,TB_sequence_846_train_80,,305810,305052,Landrace,长白,美系长白,Landrace,dicom_dir,公,广西贵港,贵港公猪站,广西贵港,2,15,NA,/workspace/data/CT/all/305810_305052.nii.gz,/workspace/data/CT/TB/sequence_846/label/carcass_label_data/carcass_9_classes/carcass_9_classes_train/carcass_9_classes_label/305810_305052.nii.gz,57554420,624786
305835_305051,TB,TB_sequence_846_manual_test_24,,305835,305051,Landrace,长白,美系长白,Landrace,dicom_dir,公,广西贵港,广西贵港,广西贵港,2,14,NA,/workspace/data/CT/all/305835_305051.nii.gz,/workspace/data/CT/TB/sequence_846/label/carcass_label_data/carcass_9_classes/carcass_9_classes_test_mannual/label/305835_305051.nii.gz,56148564,616257
305931_305469,TB,TB_sequence_846_train_80,,305931,305469,Landrace,长白,美系长白,Landrace,dicom_dir,公,广西贵港,广西贵港,广西贵港,3,13,NA,/workspace/data/CT/all/305931_305469.nii.gz,/workspace/data/CT/TB/sequence_846/label/carcass_label_data/carcass_9_classes/carcass_9_classes_train/carcass_9_classes_label/305931_305469.nii.gz,58702722,600634
308240_310625,TB,TB_sequence_846_train_80,,308240,310625,Landrace,长白,,,dicom_dir,,,,,,,,/workspace/data/CT/all/308240_310625.nii.gz,/workspace/data/CT/TB/sequence_846/label/carcass_label_data/carcass_9_classes/carcass_9_classes_train/carcass_9_classes_label/308240_310625.nii.gz,59180625,639695
308243_310464,TB,TB_sequence_846_train_80,,308243,310464,Landrace,长白,美系长白,Landrace,dicom_dir,公,广西贵港,广西贵港,广西贵港,3,14,0.0078,/workspace/data/CT/all/308243_310464.nii.gz,/workspace/data/CT/TB/sequence_846/label/carcass_label_data/carcass_9_classes/carcass_9_classes_train/carcass_9_classes_label/308243_310464.nii.gz,56643089,551920
308348_304289,TB,TB_sequence_846_manual_test_24,,308348,304289,Landrace,长白,美系长白,Landrace,dicom_dir,公,广西贵港,广西贵港,广西贵港,4,11,0.043,/workspace/data/CT/all/308348_304289.nii.gz,/workspace/data/CT/TB/sequence_846/label/carcass_label_data/carcass_9_classes/carcass_9_classes_test_mannual/label/308348_304289.nii.gz,59463849,593901
308468_304385,TB,TB_sequence_846_manual_test_24,,308468,304385,Landrace,长白,,,dicom_dir,,,,,,,,/workspace/data/CT/all/308468_304385.nii.gz,/workspace/data/CT/TB/sequence_846/label/carcass_label_data/carcass_9_classes/carcass_9_classes_test_mannual/label/308468_304385.nii.gz,58091158,597279
308495_301122,TB,TB_sequence_846_train_80,,308495,301122,Landrace,长白,美系长白,Landrace,dicom_dir,公,广西贵港,广西贵港,广西贵港,4,13,NA,/workspace/data/CT/all/308495_301122.nii.gz,/workspace/data/CT/TB/sequence_846/label/carcass_label_data/carcass_9_classes/carcass_9_classes_train/carcass_9_classes_label/308495_301122.nii.gz,58095084,586690
308577_304377,TB,TB_sequence_846_train_80,,308577,304377,Landrace,长白,美系长白,Landrace,dicom_dir,公,广西贵港,广西贵港,广西贵港,4,15,NA,/workspace/data/CT/all/308577_304377.nii.gz,/workspace/data/CT/TB/sequence_846/label/carcass_label_data/carcass_9_classes/carcass_9_classes_train/carcass_9_classes_label/308577_304377.nii.gz,55745970,563604
309053_310778,TB,TB_sequence_846_manual_test_24,,309053,310778,Landrace,长白,美系长白,Landrace,dicom_dir,公,广西贵港,广西贵港,广西贵港,4,12,0.0039,/workspace/data/CT/all/309053_310778.nii.gz,/workspace/data/CT/TB/sequence_846/label/carcass_label_data/carcass_9_classes/carcass_9_classes_test_mannual/label/309053_310778.nii.gz,57030986,588704
309065_310776,TB,TB_sequence_846_train_80,,309065,310776,Landrace,长白,美系长白,Landrace,dicom_dir,公,广西贵港,贵港公猪站,广西贵港,4,16,0.0078,/workspace/data/CT/all/309065_310776.nii.gz,/workspace/data/CT/TB/sequence_846/label/carcass_label_data/carcass_9_classes/carcass_9_classes_train/carcass_9_classes_label/309065_310776.nii.gz,53556534,524517
309212_307866,TB,TB_sequence_846_train_80,,309212,307866,Landrace,长白,美系长白,Landrace,dicom_dir,公,广西贵港,肥城公猪站,广西贵港,4,15,0.0078,/workspace/data/CT/all/309212_307866.nii.gz,/workspace/data/CT/TB/sequence_846/label/carcass_label_data/carcass_9_classes/carcass_9_classes_train/carcass_9_classes_label/309212_307866.nii.gz,60314606,582868
309642_307895,TB,TB_sequence_846_train_80,,309642,307895,Landrace,长白,美系长白,Landrace,dicom_dir,公,广西贵港,肥城公猪站,广西贵港,4,16,NA,/workspace/data/CT/all/309642_307895.nii.gz,/workspace/data/CT/TB/sequence_846/label/carcass_label_data/carcass_9_classes/carcass_9_classes_train/carcass_9_classes_label/309642_307895.nii.gz,56494323,572693
309750_307972,TB,TB_sequence_846_train_80,,309750,307972,Landrace,长白,美系长白,Landrace,dicom_dir,公,广西贵港,广西贵港,广西贵港,4,21,0.0391,/workspace/data/CT/all/309750_307972.nii.gz,/workspace/data/CT/TB/sequence_846/label/carcass_label_data/carcass_9_classes/carcass_9_classes_train/carcass_9_classes_label/309750_307972.nii.gz,61844694,610565
309788_307967,TB,TB_sequence_846_manual_test_24,,309788,307967,Landrace,长白,美系长白,Landrace,dicom_dir,公,广西贵港,广西贵港,广西贵港,4,12,0.0078,/workspace/data/CT/all/309788_307967.nii.gz,/workspace/data/CT/TB/sequence_846/label/carcass_label_data/carcass_9_classes/carcass_9_classes_test_mannual/label/309788_307967.nii.gz,64829264,691719
309855_310915,TB,TB_sequence_846_train_80,,309855,310915,Landrace,长白,美系长白,Landrace,dicom_dir,公,广西贵港,肥城公猪站,广西贵港,4,12,0.0117,/workspace/data/CT/all/309855_310915.nii.gz,/workspace/data/CT/TB/sequence_846/label/carcass_label_data/carcass_9_classes/carcass_9_classes_train/carcass_9_classes_label/309855_310915.nii.gz,60669116,636177
309937_310788,TB,TB_sequence_846_train_80,,309937,310788,Landrace,长白,美系长白,Landrace,dicom_dir,公,广西贵港,贵港公猪站,广西贵港,4,10,0.0078,/workspace/data/CT/all/309937_310788.nii.gz,/workspace/data/CT/TB/sequence_846/label/carcass_label_data/carcass_9_classes/carcass_9_classes_train/carcass_9_classes_label/309937_310788.nii.gz,55699378,558687
312353_310271,TB,TB_sequence_846_train_80,,312353,310271,Landrace,长白,美系长白,Landrace,dicom_dir,公,广西贵港,肥城公猪站,广西贵港,4,11,0.0195,/workspace/data/CT/all/312353_310271.nii.gz,/workspace/data/CT/TB/sequence_846/label/carcass_label_data/carcass_9_classes/carcass_9_classes_train/carcass_9_classes_label/312353_310271.nii.gz,60034516,590240
312974_310026,TB,TB_sequence_846_train_80,,312974,310026,Landrace,长白,美系长白,Landrace,dicom_dir,公,广西贵港,广西贵港,广西贵港,4,16,NA,/workspace/data/CT/all/312974_310026.nii.gz,/workspace/data/CT/TB/sequence_846/label/carcass_label_data/carcass_9_classes/carcass_9_classes_train/carcass_9_classes_label/312974_310026.nii.gz,57533735,577233
313066_305551,TB,TB_sequence_846_train_80,,313066,305551,Landrace,长白,,,dicom_dir,,,,,,,,/workspace/data/CT/all/313066_305551.nii.gz,/workspace/data/CT/TB/sequence_846/label/carcass_label_data/carcass_9_classes/carcass_9_classes_train/carcass_9_classes_label/313066_305551.nii.gz,60481605,616105
313120_310061,TB,TB_sequence_846_train_80,,313120,310061,Landrace,长白,美系长白,Landrace,dicom_dir,公,广西贵港,广西贵港,广西贵港,3,19,0.0195,/workspace/data/CT/all/313120_310061.nii.gz,/workspace/data/CT/TB/sequence_846/label/carcass_label_data/carcass_9_classes/carcass_9_classes_train/carcass_9_classes_label/313120_310061.nii.gz,54232135,533142
313163_304620,TB,TB_sequence_846_train_80,,313163,304620,Landrace,长白,美系长白,Landrace,dicom_dir,公,广西贵港,广西贵港,广西贵港,3,12,0.0039,/workspace/data/CT/all/313163_304620.nii.gz,/workspace/data/CT/TB/sequence_846/label/carcass_label_data/carcass_9_classes/carcass_9_classes_train/carcass_9_classes_label/313163_304620.nii.gz,57984704,593266
313180_304612,TB,TB_sequence_846_train_80,,313180,304612,Landrace,长白,美系长白,Landrace,dicom_dir,公,广西贵港,广西贵港,广西贵港,3,16,0.002,/workspace/data/CT/all/313180_304612.nii.gz,/workspace/data/CT/TB/sequence_846/label/carcass_label_data/carcass_9_classes/carcass_9_classes_train/carcass_9_classes_label/313180_304612.nii.gz,56581136,562701
313195_304611,TB,TB_sequence_846_train_80,,313195,304611,Landrace,长白,美系长白,Landrace,dicom_dir,公,广西贵港,广西贵港,广西贵港,3,16,NA,/workspace/data/CT/all/313195_304611.nii.gz,/workspace/data/CT/TB/sequence_846/label/carcass_label_data/carcass_9_classes/carcass_9_classes_train/carcass_9_classes_label/313195_304611.nii.gz,57064286,555727
313226_310058,TB,TB_sequence_846_train_80,,313226,310058,Landrace,长白,美系长白,Landrace,dicom_dir,公,广西贵港,广西贵港,广西贵港,4,15,0.0039,/workspace/data/CT/all/313226_310058.nii.gz,/workspace/data/CT/TB/sequence_846/label/carcass_label_data/carcass_9_classes/carcass_9_classes_train/carcass_9_classes_label/313226_310058.nii.gz,56222816,571995
315402_310695,TB,TB_sequence_846_manual_test_24,,315402,310695,Landrace,长白,美系长白,Landrace,dicom_dir,公,广西贵港,广西贵港,广西贵港,4,14,0.0078,/workspace/data/CT/all/315402_310695.nii.gz,/workspace/data/CT/TB/sequence_846/label/carcass_label_data/carcass_9_classes/carcass_9_classes_test_mannual/label/315402_310695.nii.gz,57008705,600894
403339_402475,TB,TB_sequence_846_manual_test_24,,403339,402475,Pietrain,皮特兰,美系皮特兰,Pietrain,dicom_dir,公,广西贵港,广西贵港,广西贵港,1,14,0.0273,/workspace/data/CT/all/403339_402475.nii.gz,/workspace/data/CT/TB/sequence_846/label/carcass_label_data/carcass_9_classes/carcass_9_classes_test_mannual/label/403339_402475.nii.gz,65522723,665107
403357_402491,TB,TB_sequence_846_train_80,,403357,402491,Pietrain,皮特兰,美系皮特兰,Pietrain,dicom_dir,公,广西贵港,浠水公猪站,广西贵港,1,14,0.002,/workspace/data/CT/all/403357_402491.nii.gz,/workspace/data/CT/TB/sequence_846/label/carcass_label_data/carcass_9_classes/carcass_9_classes_train/carcass_9_classes_label/403357_402491.nii.gz,59205644,618740
403389_402487,TB,TB_sequence_846_train_80,,403389,402487,Pietrain,皮特兰,美系皮特兰,Pietrain,dicom_dir,公,广西贵港,贵港公猪站,广西贵港,1,11,0.0107,/workspace/data/CT/all/403389_402487.nii.gz,/workspace/data/CT/TB/sequence_846/label/carcass_label_data/carcass_9_classes/carcass_9_classes_train/carcass_9_classes_label/403389_402487.nii.gz,62638859,657133
403390_402127,TB,TB_sequence_846_train_80,,403390,402127,Pietrain,皮特兰,美系皮特兰,Pietrain,dicom_dir,公,广西贵港,贵港公猪站,广西贵港,1,11,0.0107,/workspace/data/CT/all/403390_402127.nii.gz,/workspace/data/CT/TB/sequence_846/label/carcass_label_data/carcass_9_classes/carcass_9_classes_train/carcass_9_classes_label/403390_402127.nii.gz,65225968,672324
403576_402195,TB,TB_sequence_846_manual_test_24,,403576,402195,Pietrain,皮特兰,美系皮特兰,Pietrain,dicom_dir,公,广西贵港,广西贵港,广西贵港,3,8,0.0391,/workspace/data/CT/all/403576_402195.nii.gz,/workspace/data/CT/TB/sequence_846/label/carcass_label_data/carcass_9_classes/carcass_9_classes_test_mannual/label/403576_402195.nii.gz,67417703,730171
404638_401276,TB,TB_sequence_846_train_80,,404638,401276,Pietrain,皮特兰,美系皮特兰,Pietrain,dicom_dir,公,广西贵港,广西贵港,广西贵港,3,8,0.0391,/workspace/data/CT/all/404638_401276.nii.gz,/workspace/data/CT/TB/sequence_846/label/carcass_label_data/carcass_9_classes/carcass_9_classes_train/carcass_9_classes_label/404638_401276.nii.gz,56709563,582897
404710_401087,TB,TB_sequence_846_train_80,,404710,401087,Pietrain,皮特兰,美系皮特兰,Pietrain,dicom_dir,公,广西贵港,贵港公猪站,广西贵港,4,16,0.0117,/workspace/data/CT/all/404710_401087.nii.gz,/workspace/data/CT/TB/sequence_846/label/carcass_label_data/carcass_9_classes/carcass_9_classes_train/carcass_9_classes_label/404710_401087.nii.gz,58255228,593241
404717_401091,TB,TB_sequence_846_train_80,,404717,401091,Pietrain,皮特兰,美系皮特兰,Pietrain,dicom_dir,公,广西贵港,贵港公猪站,广西贵港,4,16,0.0117,/workspace/data/CT/all/404717_401091.nii.gz,/workspace/data/CT/TB/sequence_846/label/carcass_label_data/carcass_9_classes/carcass_9_classes_train/carcass_9_classes_label/404717_401091.nii.gz,60387556,614047
404728_401086,TB,TB_sequence_846_train_80,,404728,401086,Pietrain,皮特兰,美系皮特兰,Pietrain,dicom_dir,公,广西贵港,广西贵港,广西贵港,3,10,0.0039,/workspace/data/CT/all/404728_401086.nii.gz,/workspace/data/CT/TB/sequence_846/label/carcass_label_data/carcass_9_classes/carcass_9_classes_train/carcass_9_classes_label/404728_401086.nii.gz,55594144,577155
404756_404693,TB,TB_sequence_846_train_80,,404756,404693,Pietrain,皮特兰,,,dicom_dir,,,,,,,,/workspace/data/CT/all/404756_404693.nii.gz,/workspace/data/CT/TB/sequence_846/label/carcass_label_data/carcass_9_classes/carcass_9_classes_train/carcass_9_classes_label/404756_404693.nii.gz,58925136,602279
404758_404692,TB,TB_sequence_846_train_80,,404758,404692,Pietrain,皮特兰,,,dicom_dir,,,,,,,,/workspace/data/CT/all/404758_404692.nii.gz,/workspace/data/CT/TB/sequence_846/label/carcass_label_data/carcass_9_classes/carcass_9_classes_train/carcass_9_classes_label/404758_404692.nii.gz,61653897,630085
404785_404699,TB,TB_sequence_846_manual_test_24,,404785,404699,Pietrain,皮特兰,美系皮特兰,Pietrain,dicom_dir,公,广西贵港,肥城公猪站,广西贵港,3,11,0.0313,/workspace/data/CT/all/404785_404699.nii.gz,/workspace/data/CT/TB/sequence_846/label/carcass_label_data/carcass_9_classes/carcass_9_classes_test_mannual/label/404785_404699.nii.gz,52655215,544564
404790_404690,TB,TB_sequence_846_train_80,,404790,404690,Pietrain,皮特兰,美系皮特兰,Pietrain,dicom_dir,公,广西贵港,广西贵港,广西贵港,3,14,0.0078,/workspace/data/CT/all/404790_404690.nii.gz,/workspace/data/CT/TB/sequence_846/label/carcass_label_data/carcass_9_classes/carcass_9_classes_train/carcass_9_classes_label/404790_404690.nii.gz,59184083,617338
404794_404697,TB,TB_sequence_846_train_80,,404794,404697,Pietrain,皮特兰,美系皮特兰,Pietrain,dicom_dir,公,广西贵港,广西贵港,广西贵港,3,14,0.0078,/workspace/data/CT/all/404794_404697.nii.gz,/workspace/data/CT/TB/sequence_846/label/carcass_label_data/carcass_9_classes/carcass_9_classes_train/carcass_9_classes_label/404794_404697.nii.gz,52111701,527458
404952_404575,TB,TB_sequence_846_train_80,,404952,404575,Pietrain,皮特兰,美系皮特兰,Pietrain,dicom_dir,公,广西贵港,肥城公猪站,广西贵港,4,6,0.0078,/workspace/data/CT/all/404952_404575.nii.gz,/workspace/data/CT/TB/sequence_846/label/carcass_label_data/carcass_9_classes/carcass_9_classes_train/carcass_9_classes_label/404952_404575.nii.gz,55641841,559311
404988_403979,TB,TB_sequence_846_train_80,,404988,403979,Pietrain,皮特兰,美系皮特兰,Pietrain,dicom_dir,公,广西贵港,广西贵港,广西贵港,4,15,NA,/workspace/data/CT/all/404988_403979.nii.gz,/workspace/data/CT/TB/sequence_846/label/carcass_label_data/carcass_9_classes/carcass_9_classes_train/carcass_9_classes_label/404988_403979.nii.gz,54992559,568716
405518_402793,TB,TB_sequence_846_manual_test_24,,405518,402793,Pietrain,皮特兰,美系皮特兰,Pietrain,dicom_dir,公,广西贵港,贵港公猪站,广西贵港,2,10,0.0391,/workspace/data/CT/all/405518_402793.nii.gz,/workspace/data/CT/TB/sequence_846/label/carcass_label_data/carcass_9_classes/carcass_9_classes_test_mannual/label/405518_402793.nii.gz,64424776,713226
405544_402778,TB,TB_sequence_846_train_80,,405544,402778,Pietrain,皮特兰,美系皮特兰,Pietrain,dicom_dir,公,广西贵港,贵港公猪站,广西贵港,2,10,NA,/workspace/data/CT/all/405544_402778.nii.gz,/workspace/data/CT/TB/sequence_846/label/carcass_label_data/carcass_9_classes/carcass_9_classes_train/carcass_9_classes_label/405544_402778.nii.gz,60577057,633891
405688_402257,TB,TB_sequence_846_manual_test_24,,405688,402257,Pietrain,皮特兰,美系皮特兰,Pietrain,dicom_dir,公,广西贵港,广西贵港,广西贵港,3,6,0.0039,/workspace/data/CT/all/405688_402257.nii.gz,/workspace/data/CT/TB/sequence_846/label/carcass_label_data/carcass_9_classes/carcass_9_classes_test_mannual/label/405688_402257.nii.gz,64085477,673337
405716_403624,TB,TB_sequence_846_train_80,,405716,403624,Pietrain,皮特兰,美系皮特兰,Pietrain,dicom_dir,公,广西贵港,广西贵港,广西贵港,3,11,NA,/workspace/data/CT/all/405716_403624.nii.gz,/workspace/data/CT/TB/sequence_846/label/carcass_label_data/carcass_9_classes/carcass_9_classes_train/carcass_9_classes_label/405716_403624.nii.gz,59901207,623302
405948_400388,TB,TB_sequence_846_manual_test_24,,405948,400388,Pietrain,皮特兰,美系皮特兰,Pietrain,dicom_dir,公,广西贵港,贵港公猪站,广西贵港,3,13,0.0703,/workspace/data/CT/all/405948_400388.nii.gz,/workspace/data/CT/TB/sequence_846/label/carcass_label_data/carcass_9_classes/carcass_9_classes_test_mannual/label/405948_400388.nii.gz,58226269,623338
406726_404075,TB,TB_sequence_846_train_80,,406726,404075,Pietrain,皮特兰,美系皮特兰,Pietrain,dicom_dir,公,广西贵港,广西贵港,广西贵港,4,7,0.0352,/workspace/data/CT/all/406726_404075.nii.gz,/workspace/data/CT/TB/sequence_846/label/carcass_label_data/carcass_9_classes/carcass_9_classes_train/carcass_9_classes_label/406726_404075.nii.gz,60064205,650625
406789_404023,TB,TB_sequence_846_train_80,,406789,404023,Pietrain,皮特兰,美系皮特兰,Pietrain,dicom_dir,公,广西贵港,明水公猪站,广西贵港,4,8,0.0313,/workspace/data/CT/all/406789_404023.nii.gz,/workspace/data/CT/TB/sequence_846/label/carcass_label_data/carcass_9_classes/carcass_9_classes_train/carcass_9_classes_label/406789_404023.nii.gz,61504668,640729
406822_404019,TB,TB_sequence_846_train_80,,406822,404019,Pietrain,皮特兰,美系皮特兰,Pietrain,dicom_dir,公,广西贵港,广西贵港,广西贵港,4,9,NA,/workspace/data/CT/all/406822_404019.nii.gz,/workspace/data/CT/TB/sequence_846/label/carcass_label_data/carcass_9_classes/carcass_9_classes_train/carcass_9_classes_label/406822_404019.nii.gz,54522770,578134
406854_404084,TB,TB_sequence_846_train_80,,406854,404084,Pietrain,皮特兰,美系皮特兰,Pietrain,dicom_dir,公,广西贵港,广西贵港,广西贵港,4,13,NA,/workspace/data/CT/all/406854_404084.nii.gz,/workspace/data/CT/TB/sequence_846/label/carcass_label_data/carcass_9_classes/carcass_9_classes_train/carcass_9_classes_label/406854_404084.nii.gz,54251678,576509
406863_404083,TB,TB_sequence_846_train_80,,406863,404083,Pietrain,皮特兰,美系皮特兰,Pietrain,dicom_dir,公,广西贵港,明水公猪站,广西贵港,4,13,NA,/workspace/data/CT/all/406863_404083.nii.gz,/workspace/data/CT/TB/sequence_846/label/carcass_label_data/carcass_9_classes/carcass_9_classes_train/carcass_9_classes_label/406863_404083.nii.gz,56874368,595889
501550_500532,TB,TB_sequence_846_train_80,,501550,500532,Duroc,杜洛克,EB5杜洛克,Duroc,dicom_dir,公,广西贵港,广西贵港,广西贵港,3,9,NA,/workspace/data/CT/all/501550_500532.nii.gz,/workspace/data/CT/TB/sequence_846/label/carcass_label_data/carcass_9_classes/carcass_9_classes_train/carcass_9_classes_label/501550_500532.nii.gz,58031371,619245
501646_500285,TB,TB_sequence_846_train_80,,501646,500285,Duroc,杜洛克,EB5杜洛克,Duroc,dicom_dir,公,广西贵港,广西贵港,广西贵港,2,11,0.0049,/workspace/data/CT/all/501646_500285.nii.gz,/workspace/data/CT/TB/sequence_846/label/carcass_label_data/carcass_9_classes/carcass_9_classes_train/carcass_9_classes_label/501646_500285.nii.gz,57160037,628977
501680_500298,TB,TB_sequence_846_train_80,,501680,500298,Duroc,杜洛克,EB5杜洛克,Duroc,dicom_dir,公,广西贵港,贵港公猪站,广西贵港,3,10,0.0137,/workspace/data/CT/all/501680_500298.nii.gz,/workspace/data/CT/TB/sequence_846/label/carcass_label_data/carcass_9_classes/carcass_9_classes_train/carcass_9_classes_label/501680_500298.nii.gz,59863603,630568
501756_500260,TB,TB_sequence_846_train_80,,501756,500260,Duroc,杜洛克,EB5杜洛克,Duroc,dicom_dir,公,广西贵港,贵港公猪站,广西贵港,3,9,0.0313,/workspace/data/CT/all/501756_500260.nii.gz,/workspace/data/CT/TB/sequence_846/label/carcass_label_data/carcass_9_classes/carcass_9_classes_train/carcass_9_classes_label/501756_500260.nii.gz,61066426,637046
501790_500423,TB,TB_sequence_846_manual_test_24,,501790,500423,Duroc,杜洛克,EB5杜洛克,Duroc,dicom_dir,公,广西贵港,肥城公猪站,广西贵港,3,5,0.0234,/workspace/data/CT/all/501790_500423.nii.gz,/workspace/data/CT/TB/sequence_846/label/carcass_label_data/carcass_9_classes/carcass_9_classes_test_mannual/label/501790_500423.nii.gz,56649734,572432
501868_500336,TB,TB_sequence_846_train_80,,501868,500336,Duroc,杜洛克,EB5杜洛克,Duroc,dicom_dir,公,广西贵港,广西贵港,广西贵港,3,10,0.0313,/workspace/data/CT/all/501868_500336.nii.gz,/workspace/data/CT/TB/sequence_846/label/carcass_label_data/carcass_9_classes/carcass_9_classes_train/carcass_9_classes_label/501868_500336.nii.gz,58151078,602263
501874_500856,TB,TB_sequence_846_train_80,,501874,500856,Duroc,杜洛克,EB5杜洛克,Duroc,dicom_dir,公,广西贵港,广西贵港,广西贵港,3,11,0.002,/workspace/data/CT/all/501874_500856.nii.gz,/workspace/data/CT/TB/sequence_846/label/carcass_label_data/carcass_9_classes/carcass_9_classes_train/carcass_9_classes_label/501874_500856.nii.gz,60879908,632133
501877_500337,TB,TB_sequence_846_train_80,,501877,500337,Duroc,杜洛克,EB5杜洛克,Duroc,dicom_dir,公,广西贵港,广西贵港,广西贵港,3,11,0.002,/workspace/data/CT/all/501877_500337.nii.gz,/workspace/data/CT/TB/sequence_846/label/carcass_label_data/carcass_9_classes/carcass_9_classes_train/carcass_9_classes_label/501877_500337.nii.gz,56986531,584836
502008_500732,TB,TB_sequence_846_train_80,,502008,500732,Duroc,杜洛克,EB5杜洛克,Duroc,dicom_dir,公,广西贵港,广西贵港,广西贵港,3,10,0.0156,/workspace/data/CT/all/502008_500732.nii.gz,/workspace/data/CT/TB/sequence_846/label/carcass_label_data/carcass_9_classes/carcass_9_classes_train/carcass_9_classes_label/502008_500732.nii.gz,58759222,612959
502294_500523,TB,TB_sequence_846_manual_test_24,,502294,500523,Duroc,杜洛克,EB5杜洛克,Duroc,dicom_dir,公,广西贵港,贵港公猪站,广西贵港,4,7,0.0078,/workspace/data/CT/all/502294_500523.nii.gz,/workspace/data/CT/TB/sequence_846/label/carcass_label_data/carcass_9_classes/carcass_9_classes_test_mannual/label/502294_500523.nii.gz,61207998,637319
502299_500522,TB,TB_sequence_846_manual_test_24,,502299,500522,Duroc,杜洛克,EB5杜洛克,Duroc,dicom_dir,公,广西贵港,肥城公猪站,广西贵港,4,10,NA,/workspace/data/CT/all/502299_500522.nii.gz,/workspace/data/CT/TB/sequence_846/label/carcass_label_data/carcass_9_classes/carcass_9_classes_test_mannual/label/502299_500522.nii.gz,60507557,635048
503297_500683,TB,TB_sequence_846_train_80,,503297,500683,Duroc,杜洛克,EB5杜洛克,Duroc,dicom_dir,公,广西贵港,广西贵港,广西贵港,3,12,0.0078,/workspace/data/CT/all/503297_500683.nii.gz,/workspace/data/CT/TB/sequence_846/label/carcass_label_data/carcass_9_classes/carcass_9_classes_train/carcass_9_classes_label/503297_500683.nii.gz,56833222,619577
503299_500688,TB,TB_sequence_846_train_80,,503299,500688,Duroc,杜洛克,EB5杜洛克,Duroc,dicom_dir,公,广西贵港,广西贵港,广西贵港,3,12,0.0078,/workspace/data/CT/all/503299_500688.nii.gz,/workspace/data/CT/TB/sequence_846/label/carcass_label_data/carcass_9_classes/carcass_9_classes_train/carcass_9_classes_label/503299_500688.nii.gz,59293693,622727
